{
    "mavpackettype": "ATTITUDE",
    "time_boot_ms": 926006,
    "roll": 0.014969104900956154,
    "pitch": -0.00046825865865685046,
    "yaw": 3.0275473594665527,
    "rollspeed": 0.042253971099853516,
    "pitchspeed": -0.03036157414317131,
    "yawspeed": -0.014678644947707653
}