{
    "mavpackettype": "ATTITUDE",
    "time_boot_ms": 413037,
    "roll": 0.006750377826392651,
    "pitch": 0.026607003062963486,
    "yaw": 1.0723662376403809,
    "rollspeed": 0.0025819141883403063,
    "pitchspeed": 0.0027774872723966837,
    "yawspeed": -0.0024587539955973625
}