{
    "mavpackettype": "ATTITUDE",
    "time_boot_ms": 859950,
    "roll": 0.0012953795958310366,
    "pitch": 0.005336027592420578,
    "yaw": 2.7146265506744385,
    "rollspeed": 0.00042514968663454056,
    "pitchspeed": -0.015109384432435036,
    "yawspeed": 0.02355794981122017
}