{
    "mavpackettype": "ATTITUDE",
    "time_boot_ms": 914426,
    "roll": -0.03929293900728226,
    "pitch": 0.009963968768715858,
    "yaw": -0.16407063603401184,
    "rollspeed": -0.0046110739931464195,
    "pitchspeed": 0.0004765747580677271,
    "yawspeed": 0.0029258967842906713
}