{
    "mavpackettype": "ATTITUDE",
    "time_boot_ms": 837385,
    "roll": 0.05581970512866974,
    "pitch": 0.035205453634262085,
    "yaw": -0.3227269947528839,
    "rollspeed": 0.002294957172125578,
    "pitchspeed": -0.00027218833565711975,
    "yawspeed": -2.5395129341632128e-05
}