{
    "mavpackettype": "ATTITUDE",
    "time_boot_ms": 336012,
    "roll": -0.008711906149983406,
    "pitch": -0.04759266600012779,
    "yaw": 2.686889171600342,
    "rollspeed": -0.002082746010273695,
    "pitchspeed": -0.00469136843457818,
    "yawspeed": -0.0005575849208980799
}