{
    "mavpackettype": "ATTITUDE",
    "time_boot_ms": 2567826,
    "roll": -0.005417632404714823,
    "pitch": 0.006758990231901407,
    "yaw": -0.4706413745880127,
    "rollspeed": -0.000918763573281467,
    "pitchspeed": -0.0016215417999774218,
    "yawspeed": -0.0011456074425950646
}