{
    "mavpackettype": "ATTITUDE",
    "time_boot_ms": 2810529,
    "roll": 0.009762082248926163,
    "pitch": -0.03054063767194748,
    "yaw": -0.43103933334350586,
    "rollspeed": 0.000445555429905653,
    "pitchspeed": 0.00014631636440753937,
    "yawspeed": -0.0015181982889771461
}