{
    "mavpackettype": "ATTITUDE",
    "time_boot_ms": 1360831,
    "roll": -0.020770438015460968,
    "pitch": -0.020502718165516853,
    "yaw": -2.3334927558898926,
    "rollspeed": 0.007460310123860836,
    "pitchspeed": 0.004764089360833168,
    "yawspeed": -0.007161385379731655
}