{
    "mavpackettype": "ATTITUDE",
    "time_boot_ms": 540565,
    "roll": 0.0060577006079256535,
    "pitch": 0.020402833819389343,
    "yaw": 2.048491954803467,
    "rollspeed": 0.0012966287322342396,
    "pitchspeed": 0.008625201880931854,
    "yawspeed": -0.006894167512655258
}