{
    "mavpackettype": "ATTITUDE",
    "time_boot_ms": 2974583,
    "roll": -0.007214781828224659,
    "pitch": -0.017946530133485794,
    "yaw": -1.404471516609192,
    "rollspeed": -0.001484805135987699,
    "pitchspeed": 0.00020858817151747644,
    "yawspeed": 0.0016133574536070228
}