{
    "mavpackettype": "ATTITUDE",
    "time_boot_ms": 5276029,
    "roll": 0.001980169676244259,
    "pitch": -0.0379275344312191,
    "yaw": -3.0429749488830566,
    "rollspeed": -0.005012101493775845,
    "pitchspeed": -0.06514311581850052,
    "yawspeed": -0.02679944410920143
}