{
    "mavpackettype": "ATTITUDE",
    "time_boot_ms": 491911,
    "roll": 0.017612187191843987,
    "pitch": -0.033474527299404144,
    "yaw": 0.6808699369430542,
    "rollspeed": -0.0004381066537462175,
    "pitchspeed": 0.0003910907544195652,
    "yawspeed": -0.001118607702665031
}