{
    "mavpackettype": "ATTITUDE",
    "time_boot_ms": 6534520,
    "roll": 0.004031640011817217,
    "pitch": -0.027514856308698654,
    "yaw": -0.35987532138824463,
    "rollspeed": 0.0002569573698565364,
    "pitchspeed": 0.0004705509636551142,
    "yawspeed": 0.00017481070244684815
}