{
    "mavpackettype": "ATTITUDE",
    "time_boot_ms": 2520914,
    "roll": 0.02139711007475853,
    "pitch": -0.0061567178927361965,
    "yaw": 1.2899335622787476,
    "rollspeed": 0.0006298321532085538,
    "pitchspeed": 0.0007891330169513822,
    "yawspeed": 0.002060226397588849
}