{
    "mavpackettype": "LOCAL_POSITION_NED",
    "time_boot_ms": 1360725,
    "x": -0.029574908316135406,
    "y": 0.11991313844919205,
    "z": -0.02864128164947033,
    "vx": -0.0005745721864514053,
    "vy": 0.003260542405769229,
    "vz": -0.0003842961450573057
}