{
    "mavpackettype": "LOCAL_POSITION_NED",
    "time_boot_ms": 491901,
    "x": 0.39179179072380066,
    "y": -1.2570390701293945,
    "z": -0.03830317035317421,
    "vx": 0.0009437581757083535,
    "vy": 0.001067270408384502,
    "vz": -0.01364732813090086
}