{
    "mavpackettype": "LOCAL_POSITION_NED",
    "time_boot_ms": 859855,
    "x": 0.052525848150253296,
    "y": -0.03272780030965805,
    "z": -0.02821613848209381,
    "vx": 0.0017393447924405336,
    "vy": -0.0017187269404530525,
    "vz": 0.0026378994807600975
}