{
    "mavpackettype": "LOCAL_POSITION_NED",
    "time_boot_ms": 2974536,
    "x": -0.23277980089187622,
    "y": -0.04052712768316269,
    "z": -0.09801685810089111,
    "vx": -0.0047057028859853745,
    "vy": 0.00015632479335181415,
    "vz": 0.003682008245959878
}