{
    "mavpackettype": "LOCAL_POSITION_NED",
    "time_boot_ms": 6534520,
    "x": -0.062150731682777405,
    "y": -0.01823931187391281,
    "z": -0.030170157551765442,
    "vx": 4.491921572480351e-05,
    "vy": 0.00029985239962115884,
    "vz": -0.00019380060257390141