{
    "mavpackettype": "LOCAL_POSITION_NED",
    "time_boot_ms": 5275950,
    "x": -0.03050995245575905,
    "y": 0.005342886783182621,
    "z": -0.03194654732942581,
    "vx": -0.060378361493349075,
    "vy": 0.011771798133850098,
    "vz": -0.005882057826966047
}