{
    "mavpackettype": "LOCAL_POSITION_NED",
    "time_boot_ms": 336013,
    "x": -0.26772260665893555,
    "y": 0.29206326603889465,
    "z": -0.03000299632549286,
    "vx": 0.0006115725846029818,
    "vy": 0.00021414502407424152,
    "vz": -0.0015128679806366563
}