{
    "mavpackettype": "LOCAL_POSITION_NED",
    "time_boot_ms": 914320,
    "x": -0.07957137376070023,
    "y": -0.1041775718331337,
    "z": -0.027165479958057404,
    "vx": 0.0009353519417345524,
    "vy": -0.00019422630430199206,
    "vz": 0.0035528838634490967
}