{
    "mavpackettype": "LOCAL_POSITION_NED",
    "time_boot_ms": 413028,
    "x": 1.6724598407745361,
    "y": -1.0971332788467407,
    "z": -0.02935100719332695,
    "vx": 0.0025584427639842033,
    "vy": 0.002226246288046241,
    "vz": -0.0027600438334047794
}