{
    "mavpackettype": "LOCAL_POSITION_NED",
    "time_boot_ms": 540512,
    "x": 3.4595305919647217,
    "y": -2.0817487239837646,
    "z": -0.03563828393816948,
    "vx": 0.0029839982744306326,
    "vy": 0.0024630834814161062,
    "vz": -0.006308106705546379
}