{
    "mavpackettype": "LOCAL_POSITION_NED",
    "time_boot_ms": 2567821,
    "x": -0.8224772810935974,
    "y": -0.5420102477073669,
    "z": -0.03418022394180298,
    "vx": -0.0007562944083474576,
    "vy": 0.000607202120590955,
    "vz": -0.005798422731459141
}