{
    "mavpackettype": "LOCAL_POSITION_NED",
    "time_boot_ms": 925906,
    "x": -0.038359105587005615,
    "y": 0.005881473422050476,
    "z": -0.03325774893164635,
    "vx": -0.0014370550634339452,
    "vy": -0.0014173364033922553,
    "vz": -0.005857961252331734
}