{
    "mavpackettype": "LOCAL_POSITION_NED",
    "time_boot_ms": 837385,
    "x": -0.35064807534217834,
    "y": -0.23418276011943817,
    "z": -0.03472481667995453,
    "vx": 0.0019429599633440375,
    "vy": 0.001704843482002616,
    "vz": -0.010178211145102978
}