{
    "mavpackettype": "LOCAL_POSITION_NED",
    "time_boot_ms": 2810428,
    "x": 0.5643942356109619,
    "y": 0.042845502495765686,
    "z": -0.028131311759352684,
    "vx": 0.001632288214750588,
    "vy": 0.0016169666778296232,
    "vz": 0.0036394766066223383
}