{
    "mavpackettype": "ATTITUDE",
    "time_boot_ms": 1254906,
    "roll": 0.010127960704267025,
    "pitch": 0.015895947813987732,
    "yaw": -0.46950483322143555,
    "rollspeed": -0.001651138998568058,
    "pitchspeed": -0.0006569477263838053,
    "yawspeed": -0.0004406264051795006
}