{
    "mavpackettype": "ATTITUDE",
    "time_boot_ms": 346403,
    "roll": 0.01116823498159647,
    "pitch": -0.032739244401454926,
    "yaw": -2.0052099227905273,
    "rollspeed": 2.529006451368332e-05,
    "pitchspeed": 0.0004703802987933159,
    "yawspeed": -0.0004085437103640288
}