{
    "mavpackettype": "ATTITUDE",
    "time_boot_ms": 1569308,
    "roll": 0.013517403975129128,
    "pitch": -0.03375725448131561,
    "yaw": -2.009488105773926,
    "rollspeed": -0.0006269467994570732,
    "pitchspeed": 0.0015185903757810593,
    "yawspeed": -2.611801028251648e-05
}