{
    "mavpackettype": "ATTITUDE",
    "time_boot_ms": 7704259,
    "roll": -0.01892063580453396,
    "pitch": -0.038593292236328125,
    "yaw": -2.2276604175567627,
    "rollspeed": 0.0005799063947051764,
    "pitchspeed": -0.00029037310741841793,
    "yawspeed": 0.00031953476718626916
}