{
    "mavpackettype": "ATTITUDE",
    "time_boot_ms": 178881,
    "roll": -0.004900338593870401,
    "pitch": -0.025063786655664444,
    "yaw": -0.5278183817863464,
    "rollspeed": 0.00029869622085243464,
    "pitchspeed": -7.546250708401203e-05,
    "yawspeed": -0.00026159692788496614
}
