{
    "mavpackettype": "ATTITUDE",
    "time_boot_ms": 1447421,
    "roll": 0.01995709352195263,
    "pitch": -0.007534738164395094,
    "yaw": -0.4257594048976898,
    "rollspeed": 0.0004382100305519998,
    "pitchspeed": 0.0002071604976663366,
    "yawspeed": 0.0018141367472708225
}