{
    "mavpackettype": "ATTITUDE",
    "time_boot_ms": 845314,
    "roll": -0.04194244369864464,
    "pitch": -0.05070364102721214,
    "yaw": -0.40674763917922974,
    "rollspeed": 0.0003217176999896765,
    "pitchspeed": 0.001019937451928854,
    "yawspeed": 0.0003353068314027041
}