{
    "mavpackettype": "LOCAL_POSITION_NED",
    "time_boot_ms": 1254806,
    "x": -0.013055486604571342,
    "y": -0.034113187342882156,
    "z": -0.033974193036556244,
    "vx": 0.0013765805633738637,
    "vy": 0.0003749198222067207,
    "vz": -0.006626319605857134
}