{
    "mavpackettype": "LOCAL_POSITION_NED",
    "time_boot_ms": 178817,
    "x": -0.003267837455496192,
    "y": -0.014773079194128513,
    "z": -0.025851236656308174,
    "vx": -0.0003195678873453289,
    "vy": 0.0005898415693081915,
    "vz": 0.007425358518958092
}