{
    "mavpackettype": "LOCAL_POSITION_NED",
    "time_boot_ms": 1447315,
    "x": 0.1340017169713974,
    "y": -0.19134782254695892,
    "z": -0.029482513666152954,
    "vx": -0.001966058509424329,
    "vy": 0.0014926133444532752,
    "vz": -0.0005132164806127548
}