{
    "mavpackettype": "LOCAL_POSITION_NED",
    "time_boot_ms": 845315,
    "x": -0.6715054512023926,
    "y": -1.5573796033859253,
    "z": -0.02711644023656845,
    "vx": 0.0011897782096639276,
    "vy": 0.00032756247674115,
    "vz": 0.005629941821098328
}