{
    "mavpackettype": "LOCAL_POSITION_NED",
    "time_boot_ms": 346309,
    "x": -0.041710879653692245,
    "y": 0.02742876298725605,
    "z": -0.02754341810941696,
    "vx": 0.00032450660364702344,
    "vy": -0.0006892006495036185,
    "vz": 0.004117831587791443
}