{
    "mavpackettype": "LOCAL_POSITION_NED",
    "time_boot_ms": 1569309,
    "x": -0.029050184413790703,
    "y": 0.050235770642757416,
    "z": -0.030633950605988503,
    "vx": -4.078922211192548e-05,
    "vy": -0.0001723227178445086,
    "vz": -0.0012351310579106212
}