{
    "mavpackettype": "LOCAL_POSITION_NED",
    "time_boot_ms": 7704259,
    "x": -0.06449565291404724,
    "y": 0.014538315124809742,
    "z": -0.03019341267645359,
    "vx": -0.0003144433139823377,
    "vy": -0.00019329147471580654,
    "vz": -0.00012948755465913564
}