{
    "mavpackettype": "ATTITUDE",
    "time_boot_ms": 668117,
    "roll": 0.061404552310705185,
    "pitch": 0.007982771843671799,
    "yaw": 0.8957353830337524,
    "rollspeed": -0.0009703008690848947,
    "pitchspeed": 0.000502533745020628,
    "yawspeed": 0.0002914807992056012
}