{
    "mavpackettype": "LOCAL_POSITION_NED",
    "time_boot_ms": 668118,
    "x": 0.03271079808473587,
    "y": -0.015446840785443783,
    "z": -0.029479265213012695,
    "vx": -0.00027026457246392965,
    "vy": -0.0007104519754648209,
    "vz": 0.0016300439601764083
}